<?xml version="1.0" encoding="UTF-8"?>
<project-private xmlns="http://www.netbeans.org/ns/project-private/1">
    <editor-bookmarks xmlns="http://www.netbeans.org/ns/editor-bookmarks/2" lastBookmarkId="0"/>
    <open-files xmlns="http://www.netbeans.org/ns/projectui-open-files/2">
        <group>
            <file>file:/C:/Users/JASM/Desktop/isep/1ano-2semestre/pprog/pprog_1nb_1151883_1161313_tp3/codigo/PPROG_Trabalho3/src/learnGUI/testeDecidirCandidatura.java</file>
            <file>file:/C:/Users/JASM/Desktop/isep/1ano-2semestre/pprog/pprog_1nb_1151883_1161313_tp3/codigo/PPROG_Trabalho3/src/learnGUI/testCriarCandidaturaGUI.java</file>
            <file>file:/C:/Users/JASM/Desktop/isep/1ano-2semestre/pprog/pprog_1nb_1151883_1161313_tp3/codigo/PPROG_Trabalho3/src/learnGUI/testGui.java</file>
            <file>file:/C:/Users/JASM/Desktop/isep/1ano-2semestre/pprog/pprog_1nb_1151883_1161313_tp3/codigo/PPROG_Trabalho3/src/Main_Class/candidatura.java</file>
            <file>file:/C:/Users/JASM/Desktop/isep/1ano-2semestre/pprog/pprog_1nb_1151883_1161313_tp3/codigo/PPROG_Trabalho3/src/Main_Class/centroDeEventos.java</file>
        </group>
    </open-files>
</project-private>
